Workbook
Name Slicer_fuel_type_label: #N/A

Sheet Data
A1: hh_id | B1: vehicle_id | C1: vehicle_num | D1: year | E1: fuel_type | F1: hh_weight_zonal | G1: hh_weight_citywide | H1: fuel_type_label | I1: vehicle_age | J1: age_group
A2: 24000108 | B2: 2400010801 | C2: 1 | D2: 2013 | E2: 1 | F2: 2263.81 | G2: 2432.14 | H2: =VLOOKUP(qhkz_4dqm[[#This Row],[fuel_type]],lookup!A:B,2,FALSE) -> Gasoline | I2: =YEAR(TODAY())-qhkz_4dqm[[#This Row],[year]] -> 13 | J2: {=_xlfn.IFS(qhkz_4dqm[[#This Row],[vehicle_age]]<=3,"Newer",qhkz_4dqm[[#This Row],[vehicle_age]]<=9,"Mid-age",qhkz_4dqm[[#This Row],[vehicle_age]]<=19,"Older",qhkz_4dqm[[#This Row],[vehicle_age]]>=20,"Very Old")} -> Older
A3: 24000305 | B3: 2400030501 | C3: 1 | D3: 2023 | E3: 1 | F3: 1870.22 | G3: 2655.76 | H3: =VLOOKUP(qhkz_4dqm[[#This Row],[fuel_type]],lookup!A:B,2,FALSE) -> Gasoline | I3: =YEAR(TODAY())-qhkz_4dqm[[#This Row],[year]] -> 3 | J3: {=_xlfn.IFS(qhkz_4dqm[[#This Row],[vehicle_age]]<=3,"Newer",qhkz_4dqm[[#This Row],[vehicle_age]]<=9,"Mid-age",qhkz_4dqm[[#This Row],[vehicle_age]]<=19,"Older",qhkz_4dqm[[#This Row],[vehicle_age]]>=20,"Very Old")} -> Newer
A4: 24000347 | B4: 2400034701 | C4: 1 | D4: 2014 | E4: 1 | F4: 766.65 | G4: 1063.24 | H4: =VLOOKUP(qhkz_4dqm[[#This Row],[fuel_type]],lookup!A:B,2,FALSE) -> Gasoline | I4: =YEAR(TODAY())-qhkz_4dqm[[#This Row],[year]] -> 12 | J4: {=_xlfn.IFS(qhkz_4dqm[[#This Row],[vehicle_age]]<=3,"Newer",qhkz_4dqm[[#This Row],[vehicle_age]]<=9,"Mid-age",qhkz_4dqm[[#This Row],[vehicle_age]]<=19,"Older",qhkz_4dqm[[#This Row],[vehicle_age]]>=20,"Very Old")} -> Older
A5: 24000381 | B5: 2400038101 | C5: 1 | D5: 2022 | E5: 1 | F5: 436.44 | G5: 454.51 | H5: =VLOOKUP(qhkz_4dqm[[#This Row],[fuel_type]],lookup!A:B,2,FALSE) -> Gasoline | I5: =YEAR(TODAY())-qhkz_4dqm[[#This Row],[year]] -> 4 | J5: {=_xlfn.IFS(qhkz_4dqm[[#This Row],[vehicle_age]]<=3,"Newer",qhkz_4dqm[[#This Row],[vehicle_age]]<=9,"Mid-age",qhkz_4dqm[[#This Row],[vehicle_age]]<=19,"Older",qhkz_4dqm[[#This Row],[vehicle_age]]>=20,"Very Old")} -> Mid-age
A6: 24000504 | B6: 2400050401 | C6: 1 | D6: 2023 | E6: 1 | F6: 312.06 | G6: 212.53 | H6: =VLOOKUP(qhkz_4dqm[[#This Row],[fuel_type]],lookup!A:B,2,FALSE) -> Gasoline | I6: =YEAR(TODAY())-qhkz_4dqm[[#This Row],[year]] -> 3 | J6: {=_xlfn.IFS(qhkz_4dqm[[#This Row],[vehicle_age]]<=3,"Newer",qhkz_4dqm[[#This Row],[vehicle_age]]<=9,"Mid-age",qhkz_4dqm[[#This Row],[vehicle_age]]<=19,"Older",qhkz_4dqm[[#This Row],[vehicle_age]]>=20,"Very Old")} -> Newer
A7: 24000545 | B7: 2400054501 | C7: 1 | D7: 2023 | E7: 4 | F7: 768.13 | G7: 2286.79 | H7: =VLOOKUP(qhkz_4dqm[[#This Row],[fuel_type]],lookup!A:B,2,FALSE) -> Electric | I7: =YEAR(TODAY())-qhkz_4dqm[[#This Row],[year]] -> 3 | J7: {=_xlfn.IFS(qhkz_4dqm[[#This Row],[vehicle_age]]<=3,"Newer",qhkz_4dqm[[#This Row],[vehicle_age]]<=9,"Mid-age",qhkz_4dqm[[#This Row],[vehicle_age]]<=19,"Older",qhkz_4dqm[[#This Row],[vehicle_age]]>=20,"Very Old")} -> Newer
A8: 24000698 | B8: 2400069801 | C8: 1 | D8: 2005 | E8: 1 | F8: 67.32 | G8: 184.06 | H8: =VLOOKUP(qhkz_4dqm[[#This Row],[fuel_type]],lookup!A:B,2,FALSE) -> Gasoline | I8: =YEAR(TODAY())-qhkz_4dqm[[#This Row],[year]] -> 21 | J8: {=_xlfn.IFS(qhkz_4dqm[[#This Row],[vehicle_age]]<=3,"Newer",qhkz_4dqm[[#This Row],[vehicle_age]]<=9,"Mid-age",qhkz_4dqm[[#This Row],[vehicle_age]]<=19,"Older",qhkz_4dqm[[#This Row],[vehicle_age]]>=20,"Very Old")} -> Very Old
A9: 24001323 | B9: 2400132301 | C9: 1 | D9: 2020 | E9: 1 | F9: 266.42 | G9: 316.61 | H9: =VLOOKUP(qhkz_4dqm[[#This Row],[fuel_type]],lookup!A:B,2,FALSE) -> Gasoline | I9: =YEAR(TODAY())-qhkz_4dqm[[#This Row],[year]] -> 6 | J9: {=_xlfn.IFS(qhkz_4dqm[[#This Row],[vehicle_age]]<=3,"Newer",qhkz_4dqm[[#This Row],[vehicle_age]]<=9,"Mid-age",qhkz_4dqm[[#This Row],[vehicle_age]]<=19,"Older",qhkz_4dqm[[#This Row],[vehicle_age]]>=20,"Very Old")} -> Mid-age
A10: 24001415 | B10: 2400141501 | C10: 1 | D10: 2019 | E10: 1 | F10: 251.48 | G10: 564.69 | H10: =VLOOKUP(qhkz_4dqm[[#This Row],[fuel_type]],lookup!A:B,2,FALSE) -> Gasoline | I10: =YEAR(TODAY())-qhkz_4dqm[[#This Row],[year]] -> 7 | J10: {=_xlfn.IFS(qhkz_4dqm[[#This Row],[vehicle_age]]<=3,"Newer",qhkz_4dqm[[#This Row],[vehicle_age]]<=9,"Mid-age",qhkz_4dqm[[#This Row],[vehicle_age]]<=19,"Older",qhkz_4dqm[[#This Row],[vehicle_age]]>=20,"Very Old")} -> Mid-age
A11: 24001425 | B11: 2400142501 | C11: 1 | D11: 2019 | E11: 1 | F11: 82.52 | G11: 110.81 | H11: =VLOOKUP(qhkz_4dqm[[#This Row],[fuel_type]],lookup!A:B,2,FALSE) -> Gasoline | I11: =YEAR(TODAY())-qhkz_4dqm[[#This Row],[year]] -> 7 | J11: {=_xlfn.IFS(qhkz_4dqm[[#This Row],[vehicle_age]]<=3,"Newer",qhkz_4dqm[[#This Row],[vehicle_age]]<=9,"Mid-age",qhkz_4dqm[[#This Row],[vehicle_age]]<=19,"Older",qhkz_4dqm[[#This Row],[vehicle_age]]>=20,"Very Old")} -> Mid-age
A12: 24001655 | B12: 2400165501 | C12: 1 | D12: 2003 | E12: 1 | F12: 74.66 | G12: 148.16 | H12: =VLOOKUP(qhkz_4dqm[[#This Row],[fuel_type]],lookup!A:B,2,FALSE) -> Gasoline | I12: =YEAR(TODAY())-qhkz_4dqm[[#This Row],[year]] -> 23 | J12: {=_xlfn.IFS(qhkz_4dqm[[#This Row],[vehicle_age]]<=3,"Newer",qhkz_4dqm[[#This Row],[vehicle_age]]<=9,"Mid-age",qhkz_4dqm[[#This Row],[vehicle_age]]<=19,"Older",qhkz_4dqm[[#This Row],[vehicle_age]]>=20,"Very Old")} -> Very Old
A13: 24001752 | B13: 2400175201 | C13: 1 | D13: 2017 | E13: 1 | F13: 248.24 | G13: 292.11 | H13: =VLOOKUP(qhkz_4dqm[[#This Row],[fuel_type]],lookup!A:B,2,FALSE) -> Gasoline | I13: =YEAR(TODAY())-qhkz_4dqm[[#This Row],[year]] -> 9 | J13: {=_xlfn.IFS(qhkz_4dqm[[#This Row],[vehicle_age]]<=3,"Newer",qhkz_4dqm[[#This Row],[vehicle_age]]<=9,"Mid-age",qhkz_4dqm[[#This Row],[vehicle_age]]<=19,"Older",qhkz_4dqm[[#This Row],[vehicle_age]]>=20,"Very Old")} -> Mid-age
... A1785: 24153397 | B1785: 2415339701 | C1785: 1 | D1785: 2019 | E1785: 1 | F1785: 35.04 | G1785: 340.17 | H1785: =VLOOKUP(qhkz_4dqm[[#This Row],[fuel_type]],lookup!A:B,2,FALSE) -> Gasoline | I1785: =YEAR(TODAY())-qhkz_4dqm[[#This Row],[year]] -> 7 | J1785: {=_xlfn.IFS(qhkz_4dqm[[#This Row],[vehicle_age]]<=3,"Newer",qhkz_4dqm[[#This Row],[vehicle_age]]<=9,"Mid-age",qhkz_4dqm[[#This Row],[vehicle_age]]<=19,"Older",qhkz_4dqm[[#This Row],[vehicle_age]]>=20,"Very Old")} -> Mid-age

Sheet Dashboard
E8: =COUNTA(Data!A2:A1785) -> 1784 | J8: =AVERAGE(Data!I2:I1785) -> 9.9859865
E9: Total Vehicles | J9: Average Age

Sheet lookup
A1: code | B1: name
A2: 1 | B2: Gasoline
A3: 2 | B3: Diesel
A4: 3 | B4: Hybrid
A5: 4 | B5: Electric
A6: 5 | B6: Plug-in Hybrid
A7: 6 | B7: Other
A8: 7 | B8: Don't Know / Not Reported

Sheet count_vehicle
A3: Row Labels | B3: Count of vehicle_id
A4: Gasoline | B4: 1622
A5: Diesel | B5: 77
A6: Electric | B6: 57
A7: Hybrid | B7: 18
A8: Other | B8: 5
A9: Don't Know / Not Reported | B9: 3
A10: Plug-in Hybrid | B10: 2
A11: Grand Total | B11: 1784

Sheet Average_age
A3: Row Labels | B3: Average of vehicle_age
A4: Don't Know / Not Reported | B4: 16
A5: Plug-in Hybrid | B5: 15.5
A6: Other | B6: 10.6
A7: Gasoline | B7: 10.354501
A8: Diesel | B8: 7.038961
A9: Electric | B9: 4.9298246
A10: Hybrid | B10: 3.6111111
A11: Grand Total | B11: 9.9859865

Sheet Average of hh
A3: Row Labels | B3: Average of hh_weight_citywide
A4: Plug-in Hybrid | B4: 2127.695
A5: Gasoline | B5: 985.33969
A6: Other | B6: 978.784
A7: Diesel | B7: 851.40805
A8: Electric | B8: 771.72158
A9: Hybrid | B9: 746.75111
A10: Don't Know / Not Reported | B10: 491.89
A11: Grand Total | B11: 970.75899
